id,m80,m150,m200,m250,m300,m400
A1,1,-,1,1,1,0
A2,1,1,0,0,0,0
B1,1,-,1,0,0,0
B2,1,-,0,0,0,0
C1,1,-,1,0,0,0
C2,1,-,1,1,0,0
D1,1,0,1,1,1,0
D2,1,1,1,1,0,0
E1,1,1,0,0,-,0
E2,1,1,1,0,0,0
F1,1,-,1,-,1,0
F2,1,-,1,1,1,0
G1,1,-,0,0,-,0
G2,1,-,1,1,1,0
H1,1,1,1,1,0,0
H2,1,1,1,1,0,0
A3,0,0,0,0,-,1
A4,0,0,1,1,1,1
B3,0,-,0,0,0,1
B4,0,-,0,0,0,1
C3,0,-,0,-,0,1
C4,0,0,1,1,1,1
D3,0,0,0,0,0,1
D4,0,0,1,1,1,1
E3,0,0,0,0,0,1
E4,0,0,1,1,1,1
F3,0,0,0,0,0,1
F4,0,0,1,1,1,1
G3,0,0,0,0,1,1
G4,0,0,0,0,1,1
H3,1,0,0,0,0,0
H4,0,0,0,0,0,1
A5,1,-,1,-,-,0
A6,1,-,0,-,-,0
B5,1,1,1,-,1,0
B6,1,-,-,-,-,0
C5,1,1,1,1,1,0
C6,0,0,0,0,0,0
D5,1,1,1,0,1,0
D6,0,0,0,0,0,0
E6,0,0,0,0,0,0
G6,1,1,1,1,1,1
H5,1,1,0,0,1,0
H6,1,1,1,1,1,1
